{
  "data": 
  [
      {
          "label": "Documents",
          "data": "Documents Folder",
          "expandedIcon": "pi pi-folder-open",
          "collapsedIcon": "pi pi-folder",
          "partialSelected":false,
          "leaf":true,
          "children": [{
                  "label": "Work",
                  "data": "Work Folder",
                  "expandedIcon": "pi pi-folder-open",
                  "collapsedIcon": "pi pi-folder",
                  "partialSelected":false,
                  "leaf":true,
                  "children": [{"label": "Expenses.doc", "icon": "pi pi-file", "data": "Expenses Document"}, {"label": "Resume.doc", "icon": "pi pi-file", "data": "Resume Document"}]
              },
              {
                  "label": "Home",
                  "data": "Home Folder",
                  "expandedIcon": "pi pi-folder-open",
                  "collapsedIcon": "pi pi-folder",
                  "children": [{"label": "Invoices.txt", "icon": "pi pi-file", "data": "Invoices for this month"}]
              }]
      },
      {
          "label": "Pictures",
          "data": "Pictures Folder",
          "expandedIcon": "pi pi-folder-open",
          "collapsedIcon": "pi pi-folder",
          "children": [
              {"label": "barcelona.jpg", "icon": "pi pi-image", "data": "Barcelona Photo"},
              {"label": "logo.jpg", "icon": "pi pi-image", "data": "PrimeFaces Logo"},
              {"label": "primeui.png", "icon": "pi pi-image", "data": "PrimeUI Logo"}]
      },
      {
          "label": "Movies",
          "data": "Movies Folder",
          "expandedIcon": "pi pi-folder-open",
          "collapsedIcon": "pi pi-folder",
          "children": [{
                  "label": "Al Pacino",
                  "data": "Pacino Movies",
                  "children": [{"label": "Scarface", "icon": "pi pi-video", "data": "Scarface Movie"}, {"label": "Serpico", "icon": "pi pi-video", "data": "Serpico Movie"}]
              },
              {
                  "label": "Robert De Niro",
                  "data": "De Niro Movies",
                  "children": [{"label": "Goodfellas", "icon": "pi pi-video", "data": "Goodfellas Movie"}, {"label": "Untouchables", "icon": "pi pi-video", "data": "Untouchables Movie"}]
              }]
      }
  ]
}